"","ID100","ID101","ID102","ID103","ID104","ID105","ID106","ID107","ID108","ID109","ID110","ID111","ID112","ID113","ID114","ID115","ID116","ID117","ID118","ID119","ID12","ID120","ID121","ID122","ID123","ID124","ID125","ID126","ID127","ID128","ID129","ID13","ID130","ID131","ID132","ID133","ID134","ID135","ID136","ID137","ID138","ID139","ID14","ID140","ID141","ID142","ID143","ID144","ID145","ID146","ID147","ID148","ID149","ID15","ID150","ID151","ID152","ID153","ID154","ID155","ID156","ID157","ID158","ID159","ID16","ID160","ID161","ID162","ID163","ID164","ID165","ID166","ID167","ID168","ID169","ID17","ID170","ID171","ID172","ID173","ID175","ID176","ID177","ID178","ID179","ID180","ID181","ID182","ID183","ID184","ID185","ID186","ID187","ID189","ID19","ID190","ID192","ID193","ID194","ID195","ID196","ID197","ID198","ID199","ID2","ID20","ID200","ID201","ID203","ID205","ID206","ID23","ID24","ID25","ID26","ID27","ID28","ID29","ID30","ID31","ID32","ID33","ID35","ID36","ID37","ID38","ID39","ID40","ID41","ID42","ID43","ID44","ID45","ID46","ID47","ID50","ID51","ID52","ID53","ID54","ID55","ID56","ID57","ID58","ID59","ID6","ID60","ID61","ID62","ID63","ID64","ID67","ID68","ID69","ID70","ID71","ID72","ID73","ID74","ID75","ID76","ID77","ID78","ID79","ID8","ID80","ID81","ID82","ID83","ID84","ID85","ID86","ID87","ID88","ID89","ID9","ID90","ID91","ID92","ID93","ID94","ID95","ID96","ID97","ID98","ID99","Year"
"1984",0,0,0,0,0,0,0,0.0014985880128189,0,0,0,0,0,0,0,0,0,0,0,0.00198794035516116,0,0,0,0,0.0298481709526171,0,0,0,0,0,0,0,0,0,0,0,0,0,0,0,0,0.00382997869717984,0.160576864696238,0,0,0,0,0,0,0,0,0,0,0,0,0,0,0,0,0,0,0,0.156427529575512,0.0919302780377628,0,0,0,0,0,0,0,0,0,0,0,0,0,0,0,0,0,0,0,0,0,0,0,0,0,0,0,0,0,0,6.01453585737927e-05,0,0,0,0,0,0,0,0,0,0,0,0,0,0,0,0,0,0,0,0.00481213431967649,0,0,0,0.380045734679622,0,0,0,0,0,0,0,0,0,0,0,0,0,0,0,0,0,0,0,0,0,0,0,0,0,0,0,0.00282476794714084,0,0,0,0,0,0,0,0,0,0,0,0,0,0,0,0,0,0,0,0,0,0,0,0,0,0,0,0.00106149645869305,0,0,0,0,0,0,0,0,0,0.0190546816440697,0,1984
"1985",0,0.00110496344116213,0.02593554340286,0,0,0,0,0,0,0,0,0,0,0,0,0,0,8.29070103355583e-05,0,0.0040649449113689,0,0.052533686338108,0.00873388801070125,0,0,0,0,0,0,0,0,0,0,0,0,0,0,0.00330847613523657,0,0,0.0149326185904297,0.372070926473871,0.00638672430944494,0,0.00101214202086777,0.000222731456359606,0,0,0,0,0.00441898785979275,0,0,0.287292627365545,0,0,0,0.0137395538987103,0.00010454857893241,0,0,0.437334458951079,0.0759528713384165,0.000285880994467102,0,0,0,0,0,0,0,0,0,0.00355215088933405,0,0,0,0,0,0,0,0,0,0.132089039275141,0,0,0,0,0,0,0.00442022981167122,0,0,0,0.428885542123604,0,0,0,0.00055261976827856,0,0,0,0,0,0,0.269199480781204,0,0,0,0,0,0,0,0,0,0.000218811020355575,0.00559786145904154,0,0,0,0.389116201112637,0.540286335048028,0,0,0,0,0,0,0,0,0,0,0,0,0,0,0,0,0,0,0,0,0,0,0,0,0,0,0,0,0,0.0023617180198832,0,0,0,0,0,0,0,0,0,0,0,0,0,0,0,0,0.000270369430448926,0.000270035861680187,0.000387407472722297,0,0,0,0,0.0926695443106238,0,0,0,0,0,0,0,0,0,0,1985
"1986",0,0,0.014695246300311,0,0,0,0,0,0,0,0,0,0,0,0,0,0,0,0,0.0137883938904479,0,0.0157623770222785,0,0,0,0,0,0,0,0,0,0,0,0,0,0,0,0.011434231401378,0,0,0.0022624391563298,0.000350809871409774,0,0.0198425970477769,0.000326365303537709,0.0192621035403217,0,0,0,0,0,0,0,0.00677607439647814,0,0,0,0,0,0,0,0.00832061673105543,0.128566103519092,0.0357278195040028,0,0,0,0,0,0,0,0,0,0,0,0,0,0,0,0,0,0.00194954815748486,0,0.0231879143276082,0,0,0,0,0,0,0,0,0,0,0,0,0,0,0.0215054802106042,0.000741015696212008,0,0,0,0,0,0,0,0,0,0,0,0,0,0,0,0,0,0,0,0,0,0,0,0,0,0,0,0.0931389037334671,0,0,0,0,0,0,0,0,0,0,0.061249175347605,0,0,0,0,0,0,0,0,0,0,0,0,0,0.0645700814097092,0,0,0,0,0,0,0,0,0,0,0,0,0,0,0,0,0,0,0,0,0,0,0,0,0,0,0.00236105492583081,0,0.00787714113744253,0,0,0,0,1986
"1987",0,0,0,0,0,0,0,0,0,0,0,0,0,0,0,0,0,0,0,0,0,0.324309430679284,9.06700710114737e-05,0.00492966440634682,0,0,0,0,0,0,0,0,0,0,0,0,0,0.000151293743981633,0,0,0.00266746376998814,0,0.00513544290417875,0.0164532347742278,0.0126523103246141,0.215775275998122,0,0,0,0,0,0.000714103096808592,0,0.0647820061290009,0,0,0,0,0,0,0.00210891865886566,0.0417168680391743,0.00312811207324879,0.438635482802728,0,0,0,0,0,0,0,0.0444763122847014,0,0,0,0,0,0,0,0,0.00545185047036037,0.0258522191043256,0,0.0920109948386307,0,0,0,0,0,0.0394644843366306,0.0266677362334631,0,0,0,0.0183408828381054,0,0,0,0.0314097172322555,0,0.000199082508045316,0,0,0,0,0.00559930469185219,0,0,0,0,0,0,0,0.00414095392887755,0,0,0,0,0.00665633664501657,0,0.0433013733231364,0.00982754506750652,0,0,0,0,0,0,0,0,0,0,0,0,0.00605154302383247,0.00507590191660118,0,0,0,0,0,0,0,0,0,0,0,0,0,0,0.373154894682907,0,0.00263993741223363,0,0.000332785145193787,0,0,0,0,0,0,0,0,0,0,0,0,0,0,0,0.00746911044076429,0,0.00651118491025705,0,0,0.00308656626486552,0,0,0,8.04746904105629e-05,0,0,0,0,0,0.0335816187978055,1987
"1988",0,0,0.00226933829368569,0,0.0304566844115222,0.0794842576533392,0,0.109144138938518,0,0,0,0,0,0,0,0,0,0,0,0.00229495346233892,0,0.0552243019958486,0.211804349356125,0,0,0.0774234881247368,0,0,0,0,0,9.08684133635908e-05,0,0.197659281064502,0,0,0,0.0336184500984435,0,0,0.0711091556688425,0.000449301706087939,0.00281399993827831,0.00938757393163648,0,1.18203802183214,0,0,0,0,0.00291465156709735,0,0.164365225999273,2.97115685925666,0,0,0,0,0,0,0.000388344341019519,0.222405611634827,0.00604809218370964,0.131910011540045,0,0,0,0,0,0,0.155901079944808,0.485711497480698,0,0,0,0,0,0,0,0,0.033752607940915,0.817273163467447,0,1.18449609255892,0,0,0,0,0,0,0,0,0,0,0.00790261014035261,0,0,0,1.06418410819258,0.0314987283959038,1.29305012547208,0,0,0,0,0,0,0,0,0,0,0,0,0,0,0.0863477649956471,0.710483892156397,1.48320337417474,0,0,0.0919169911630147,0.0752839267908982,0,0,0,0,0,0.0139208048895482,0,0,0,1.02481538985843,0,0,0,0,0,0,0.522406587643564,0.00520993677480873,0,0,0,0,0.0644127751016235,0.0123377669994942,6.5362014482743,0.0386495635841722,0.540849054278169,0,0,0,0,0.127529146839051,0,0,0,0,0,0,0,0,0.195903623033523,0.547330397155105,0,0.0883616428364681,0,0,0,0,0.0475789031893285,0,0.122892908491955,0.0622848057235051,0.257225936064589,0.0283718869601718,0,0,0,0.00156731502008768,0,0.00874494509052223,0,0.00310873867194734,2.18073025208785,0,1988
"1989",0,0,0.0174007014916065,0,0,0.00434912749846707,0,0,0,0,0,0,0,0,0,0,0,0,0,0,0,0,0.00286335754905581,0,0.000783571606687977,0,0,0,0,0.000209604044901395,0,0,0,0,0,0,0,0.00508421858491044,0,0,0.0102043851941135,0,0,0,0,0,0,0,0,0,0,0,0,0.855733162715943,0,0,0,0,0,0,0,0.000405910827436506,0,0,0,0,0,0,0,0,0,0,0,0,0,0,0,0,0,0,0,0.116559097019476,0,0.177584286306074,0,0,0,0,0,0,0.102339800336297,0,0,0,0,0,0,0,0.454071066956648,0,0.00208353333023649,0,0,0,0,0,0,0,0,0,0,0,0,0,0,0,9.242753039189e-05,0.0236219030219296,0.670840246623536,0.296559617247416,0.741158032154155,0.241929078146837,0,0,0.00563895230120624,0,0,0.185663701171505,0,0,0,0.251505400396516,0.156821299808658,0,0,0.0051063045698604,0,0,0.000414942853258042,0,0,0,0,0,0,0,0,0.591997973718157,0.548629857700724,0.275684530653101,0,0.0207037675458412,0,0,0,0,0,0,0,0,0,0.0522964552492928,0,0,0,0,0,0,0,0,0,0,0,0,0,0,0,0,0,0.000181450029149353,0.34810265212631,0.0591107901102374,0,0,0,0,1989
"1990",0,0,0,0,0,0,0,0,0,0,0,0,0,0,0,0,0,0,0,0,0,0,0,0,0.000345141249181939,0,0,0,0,0,0,0,0,0,0,0,0,0,0,0,0.0545558881552049,0,0,0,0,0.00655994282674176,0,0,0,0,0,0,0,0.0152270244497294,0,0,0,0,0,0,0,0.00305510312540719,0,0.00082275310001035,0,0,0,0,0,0,0,0,0,0,0,0,0,0,0,0,0,0,0,0.0326724808173667,0,0,0,0,0,0,0,0,0,0,0,0,0,0,0,0,0.00591846341545542,0,0,0,0,0,0,0,0,0,0,0,0,0,0,0,0,0,0,0,0,0,0,0,0,0,0,0,0,0,0,0,0,0,0,0,0,0,0.00179902382161456,0,0,0,0,0,0,0,0,0,0,0,0,0,0,0,0,0,0,0,0,5.44126419744648e-06,0,0,0,0,0,0,0,0,0,0,0,0,0,0,0,0,0,0,0,0,0,0,0,0,0,0,1990
"1991",0,0,0,0,0,0,0,0,0,0,0,0,0,0,0,0,0,0,0,0,0,0.00173691816761819,0.00325241884052502,0,0,0,0,0,0,0,0,0,0,0,0,0,0,0,0,0,0,0,0,0,0,0.02446227319046,0,0,0,0,0,0,0,0,0,0,0,0,0,0,0.00125749596139654,0.00686001467473801,0.00369634097754675,0,0,0,0,0,0,0,0,0,0,0,0,0,0,0,0,0,0,0.101047109019351,0,0.00628152785850346,0,0,0,0,0,0,0.00990198210872161,0,0,0,0,0,0,0,0.0874683821370822,0,0,0,0,0,0,0,0,0,0,0,0,0,0,0,0,0,0.000816478611448641,0,0,0,0.0343577059812896,0.0189843570071887,0,0,0,0,0,0,0,0,0,0,0,0.100657176130585,0,0,0.000628995677565398,0,0,0,0,0,0,0,0,0,0,0,0,0,0.0243838655571949,0,0,0,0,0,0.00394687944355695,0,0,0.00777647048529596,0,0,0,0,0,0,0,0,0,0,0,0,6.42209415026265e-05,0,0.0101866005865888,0,0,0,0.000107084913931013,0,0,0,0,0,0,0,1991
"1992",0,0,0.00277171427722102,0,0,0.0001506468762004,0,0,0,0,0,0,0,0,0,0,0,0,0.00941287666754216,0,0,0.00730190715245472,0,0,0,0,0,0,0,0,0,0,0,0,0,0,0,0.0334512743314983,0,0,0.0240551402320659,0,0.000531252714225388,0.0310014651864127,0,0,0,0,0,0,0,0,0.000595343203802416,0.000879768328771341,0,0,0,0,0,0,0,0.116480008706484,0.00332718035867354,0.295647953225755,0,0,0,0,0,0,0,0,0,0,0,0,0,0,0,0,0.0504619460086305,0.00395256757365263,0.265514314029112,0.0216438858890357,0,0,0,0,0.0163947619561743,0,0,0,0,0,0,0,0,0,0.108620284489543,0.00467770564472131,0.0187685159051291,0,0,0,0,0,0,0,0,0,0,0,0,0,0,0,0,0,0,0,0,0,0,0,0,0,0.000259403927671576,0.0703720478168947,0,0,0,0,0,0,0,0.0153830804611515,0,0,0.000705089081717707,0,0.00028925858364317,0,0,0,0,0,0,0,0,0,0,0,0.189978043622737,0,0,0,0,0,0,0,0,0,0,0,0,0,0,0.0561814940025492,0,0,0,0,0,0,0,0,0,0,0,0,0,0,0,0,0,0,1992
"1993",0,0,0,0,0,0,0,0,0,0,0,0,0,0,0,0,0,0,0,0,0,0,0,0,0,0,0,0,0,0,0,0,0,0,0,0,0,0,0,0,0.137770803639227,0.0329454578604742,0,0,0,0,0,0,0,0,0,0,0,0,0,0,0,0,0,0,0,0.0627009832573242,0,0,0,0,0,0,0,0,0,0,0.0148928373939919,0.0274790096952991,0,0,0,0,0,0,0,0,0,0,0,0,0,0,0,0,0.0199107324329359,0,0,0,0,0,0,0,0,0,0,0,0,0,0,0,0,0,0,0,0,0,0,0,0,0,0,0,0,0,0.00685099014579289,0,0,0,0,0,0,0,0.000149186116903568,0,0,0,0,0,0,0,0,0,0,0,0,0,0,0,0,0,0,0,0,0,0,0,0,0,0,0,0,0,0,0,0,0,0,0,0,0,0,0,0,0,0,0,0,0,0,0,0,0,0,0,0,0,0,0,0,0,1993
"1994",0,0,0.00346671678225508,0.271298631063605,0,0.0227679380551318,0,0,0,0,0,0,0,0,0,0,0,0,0,0,0,0,0,0,0.0612615420379391,0,0,0,0,0,0,0,0,0,0,0,0,0,0,0,0,0.896297500563683,0.000639356820436274,0,0.145827516886657,0.032164817741829,0,0,0,0,0,0,0,0.00827524069498204,0,0,0,0,0,0,0,0.0294715615548092,0,0,0,0,0,0,0,0,0,0,0,0,0,0,0,0,0,0,0,0.908789126959484,0,1.54341473998271,0,0,0,0,0,0,0,0,0,0,0.0369015796568055,0,0,0.017147479240147,1.77651905545737,0.00453482637115529,0.413340376393895,0,0,0,0,0,0,0,0,0,0,0,0,0,0,0,0,0,0,0,0.000777591992966914,0,0,0,0,0.0970916468027541,0.0347612255194957,0.000529096268535976,0,0,0,0,0,0,0,0,0.000813653051376785,0,0.0949331386608086,0,0,0,0,0,0.0767378071183076,0,0.0354204276432343,0,0,0,0,0,0,0,0,0,0,0,0,0,0,0,0,0,0,0,0,0,0,0,0,0,0.0466700791706062,0,0,0.00134355999499753,0,0,0,0.00652163470244356,0,0,0,0,0,0,1994
"1995",0,0,0.369666075529223,0,0,0,0,0,0,0,0,0,0,0,0,0,0,0,0.0121617690496093,0.0384166477698216,0,0.0314968421517506,0,0,0,0,0,0,0,0,0,0,0,0,0,0,0,0.359092632955348,0.0333444673733043,0,0.0321295323725223,0.168246264028943,0.000307062147654577,0,0,0,0.0105446092993663,0,0,0,0,0,0,0.399080717450732,0,0,0,0,0,0,0,0,0.000327109821021836,0,0,0,0,0,0,0,0.0144926914991106,0.00716997390754079,0,0.00968854589957972,0,0,0,0,0,0,0,0,0,0,0,0,0,0.00122922057413159,0,0,0.0269432383960738,0,0,0,0,0,0,0,0,0,0.0172245029444168,0,0,0,0,0,0,0,0,0,0,0,0,0,0,0,0.00427495402429685,0,0,0,0.0413351221821477,0.050569067473459,0,0,0,0,7.73937480815916e-05,0.412042928083243,0,0,0,0,0,0,0.00129502342501651,0.271631229500787,0,0,0,0,0,0,0,0.0119631584630233,0,0,0,0,0.0110998453799333,0,0.0981241622245761,0.00649937149364644,0.00116059238404714,0,0,0,0,0,0,0,0,0,0,0,0,0,0.0150942929294921,0.0206928222264382,0.00444884331855057,0.0921211086361944,0.0118171333943197,0,0,0,0,0.013777599223403,0,0,0,0,0,0,0,0.000267510869899281,0,0.220912670143313,1995
"1996",0,0,0.0499859357687314,0,0,0,0,0,0,0,0,0,0,0,0,0,0,0,0,0.0402586199731502,0,0,0,0,0,0,0,0,0,0,0,0.00103880498313372,0,0,0,0,0,0.0074332106201028,0,0,0.0824306965608974,0,0.0212184081713753,1.89215619952081,1.00684711250648,2.56230456532573,0,0,0,0,0,0,0,0.26612461333642,0,0,0,0,0,0,0.0653693791236422,0.102361815167412,0.0381931060322194,0.000544824694695975,0,0,0,0,0,0,0,0.0181439269006648,0,0.00100009750983349,0,0,0,0,0,0,0.0411783337345461,0.00894577867207757,0,0.0342611390267227,0,0.00503034849296303,0,0.0171793267753066,0.00313104942085025,0,0.0754590329702975,0,0,0,0,0,0,0,0.349902753158124,0,2.98406827366066e-05,0,0,0,0,0,0,0,0,0,0,0,0,0,0,0.00149980476212965,0.234958513046377,0.00506300618301656,0,0.00653756711965993,0,0,0,0,0,0,0,0,0,0,0.0378404009660706,0,0,0,0.0284903797938543,0.0652758004857601,0,0,0,0,0,0,0,0,0,0.00339632164533997,0.363785876513975,0.0115313550507448,0.0458297259335585,0.0353887563519468,0.00625168463275255,0.000537285603957887,0,0,0,0,0,0,0,0.000110797879007893,0,0,0,0,0,0.555638309535015,0,8.38220248628083e-05,0,0.0308828595647376,0,0,0,0,0,0,0,0,0,0.000594545774716409,0,0,0.00024203478489022,0,0,0.0251768114600827,1996
"1997",0,0,0.0469746718128753,0,0,0,0,0,0,0,0,0,0,0,0,0,0,0,0,0.005437201989006,0,0,0.0200765069417009,0,0.110104068420117,0,0,0,0,0,0,0,0,0,0,0,0,0.0672686912964244,0,0,0.179357322244157,0.133507243921586,0,0,0,0.000438041154801213,0,0,0,0,0,0,0,0,0,0,0,0,0,0,0,0.00294997509059163,0.106428534421894,0.0193855207604968,0,0,0,0,0,0,0,0.00116334950472008,0,0,0,0,0,0,0,0,0,0,0,0,0,0,0,0,0,0,0,0,0,0,0.0334682908354733,0,0,0,0,0,0,0,0,0,0,0,0,0,0,0,0.000526914410494095,0,0,0,0,0,0,0,0,0,0.0849192491271444,0.0274610097233768,0,0.085816351452688,0,0,0,0,0,0,0,0,0,0,0,0,0.107894741893155,0,0.0721350553099653,0,0,0,0,0,0,0,0,0,0,0,0,0,0,0,0,0,0,0,0,0,0,0,0,0,0,0,0,0,0,0,0,0,0,0,0,0,0,0,0,0,0,0,0,0,0,0,1997
"1998",0,0,0,0,0,0.00112155529088167,0,0.13793618103966,0,0,0,0,0,0,0,0,0,0,0,0,0,0.00414681453812837,0,0,0.000535468035225496,0,0,0,0,0,0,0,0,0,0,0,0,0,0,0,0,0.0662146962410937,0.00386945430337998,0,0,0,0,0,0,0,0,0,0,0.000810783808324672,0,0,0,0,0,0,0,0.00320614829429963,0,0.000211591853307528,0,0,0,0,0,0,0,0,0,0,0,0,0,0,0,0,0,0.101110688581568,0,0.00349140884787849,0,0,0,0,0,0,0.0673404166827397,0,0,0,2.83007045950367,0,0,0.00620411309191247,0.057936159956927,0,0,0,0,0,0,0.242578711733859,0,0,0,0,0,0,0,0,0,0,0,0,0.00120875501946746,0,0.0398408760273814,0.950809336618205,0,0,0,0,0,0.00160522273359028,0,0,0,0,0,0,0,0,0.0443127659099594,0,0.000495232579589916,0,0,0,0,0,0,0,0,0,0,0,0,0,0,0,0,0,0,0,0,0.00337204125998939,0.000305970755801494,0,0,0,0,0,0,0.000104360997060594,0,0,0,0,0,0,0,1.04062442840578,0,0,0,0.0227117428294127,0,0,0.000815675871742232,0,0,0,1998
"1999",0,0,0.0395544178641852,0,0,0,0,0.000111282348832773,0,0,0,0,0,0,0,0,0,0.115786309446923,0,0.0162085912617916,0,0.000613832933123078,0,0,0,0,0,0,0,0,0,0,0,0,0,0,0,0.0194857646409952,0,0,0.196737706477873,0.000264886257755428,0,0,0,2.73914029462586e-05,0,0,0,0,0,0,0,0.0561054892636031,0,0,0,0,0,0,0.0186115640249186,0.223455187623726,0.0154212791640243,0.18705690804077,0,0,0,0,0,0,0.00287560195268203,0.00173686495857025,0,8.87069529403837e-05,0,0,0,0,0,0,0.0130810598521317,0.000724053695990253,0.0752722846927367,0.0814796773290161,0,0,0,0,0,0.00330989770884582,0.0770842007849741,0,0,0,9.39804126743444e-05,0,0,0,0,0.0151748749377014,0,0,0,0,0,0.0350776013354758,0,0,0,0,0,0,0,0,0,0,0.0170329119468376,0,0,0.052419575645832,0.00597263440187257,0.00317324851856779,0,0,0,0,0,0.000799371142122261,0.0814220375779223,0,0,0,0,0,0.00636705645014284,0,0,0,0,0,0,0,0,0,0,0,0,0,0,0,0.0619848754904831,0,0,0,0,0,0,0,0,0.00741959657262623,0,0,0,0,0,0.000346781136402818,0.0144492835311102,0.00409499506045616,0,0.0166174022054454,0.011640651996041,0,0,0,0,0,0,0,0,0.000429373237553131,0,0,0.0137368074681401,0,0,0,1999
"2000",0,0,0.0409037222966056,0.0017926623565047,0,0,0.0549314059278908,0.411624888454791,0,0,0,0,0,0,0,0,0,0,0,0,0,0,0.00389212604066612,0.0052139613363034,0.0926423381569471,0,0,0,0,0,0,0,0,0,0,0,0,0,0,0,0,0.00579014271849649,0,0,0,0.758490386197533,0,0,0,0,0,0,0.000140474239099446,0.0823236829389175,0.000444481344920935,0,0,0,0,0,0,0.0433036117896058,0.0466982397220454,0.0868737683205369,0,0,0,0,0,0,0,5.54248778031245e-06,0,0.00770546672866374,0,0,0,0,0,0,0,0.305621255415128,0,0.145180372787581,0,0,0,0,0,0,0.159193767542083,0,0,0,0.00897638438137001,0,0,0,1.06030511424645,0.000614605293196852,0.0817370596975086,0,0,0,0,0,0,0,0,0,0,0,0,0,0.00114079961132861,0,0.000979068104020537,0.204249384961703,0,0.581962112768376,0.547339773098625,0.00139257704408593,0,0,0,0,0.353665987000941,0,0,0,0,0.000500129920050176,0,0.13732201839709,0.223209168901756,0,0,0.000279065699298525,0,0,0,0,0,0,0,0,0,0,0,0,0,0,0,0,0,0,0.00017223755629969,0,0,0,0.0657837124973211,0,0,0,0,0,0,0.00228177809643081,0,0,0,0,0.00554760611121257,0,0,0.0017870906010768,0,0,0,0.682583975646882,0,0,0.00519309587915984,0,0.0416808076221486,0,2000
"2001",0,0,0.00162927916588076,0,0,0.00776611472183107,0.00192387722905198,0,0,0,0,0,0,0,0,0,0,0,0,0,0,0,0.00196881468654897,0,0.0558410131622828,0,0,0,0,0,0,0,0,0,0,0,0,0,0,0,0.0217461652100311,0.000803910825752021,0.00463384118962221,0.130974585534366,0.5140011919156,0.112395355461039,0,0,0,0,0,0,0,0,0,0,0,0,0,0,0.013859772963822,0.0984403490198968,0.0301996153124976,0.410567418235094,0,0,0,0,0,0,0,0,0,0,0,0,0,0,0,0,0.00157543475835363,0.0779956252611055,0.0627899662829007,0.0540373812684945,0,0,0,0,0,0,0,0,0,0,0.00779005943199235,0,0,0.0632876498250004,0.900786084268337,0.00120902560960907,0,0,0,0,0,0,0,0,0,0,0,0,0,0,0,0.00898257634454677,0.00123407672622059,0,0,1.08911892037553,0.737940269790105,0.00293947454689579,0,0,0.000102526405476477,0,0.000138615668205836,0.000398089851638416,0,0,0,0,0,0,0,0.00139320847064289,0.0169565032777959,0,0.322526549424357,0,0,0,0,0,0,0,0,0.667041777509034,0,0,0,0,0,0.00276052266419167,0.000266228116155029,0,0,0,0,0,0,0,0.00274759639598208,0,0,0,0.0132895156361901,0,0,0,0,0,0.00124482367559566,0,0.646296515282327,0,0,0,0,0,0,0,0,0,0,0,2001
"2002",0,0,0.0237000163157781,0.0592101559263981,0,0.295429594044532,0,0,0,0,0,0,0,0,0,0,0,0,0,0,0,0,0.240338409699333,0.319549128406043,0.129548354131219,0,0,0,0,0,0,0,0,0,0,0,0,0.0250624175131278,0,0,0,0.217361825820669,0.054942876607801,0.0231285272780797,0.0370320136141805,0.191840319837078,0,0,0,0,0,0,0,4.39480976616606,0,0,0,0,0,0,0,0.182688818726575,0.220724899988297,0.033648472930048,0,0,0,0,0,0,0,0,0,0,0,0,0,0,0,0,0,0,0,0.00102771286209498,0,0,0,0,0.369661104753348,0,0.00506575455798789,0,0,0,0.00768706940992153,0,0,0,0.00821254209183883,0,0.357075074837717,0,0,0,0,0.000187120640715848,0,0,0,0,0,0,0,0,0,0.490409916277564,0.000187837049392176,0.0125670859591404,8.45043699018011e-05,0.004464992962091,0.00205335659434783,5.82359646668203e-05,0,0,0,0,0.0136275422738997,0.00329752724063621,0.0638681187684934,0,0.0879069441407571,0,0,0,0,0.000371461691838047,0.227300844466957,0,0.0019375554968357,0,0,0.0089421367689475,0.0132188765380456,0.00981755087586711,0.00533429953907681,0,0.000218538034684749,0,0,0,0,0,0.0189809261960194,0,0.000810979660612585,0,0,0,0.0118324460519577,0.000815993872420871,0,0,0,0,0,0,0,0,0,0,0,0,0,0,0,0,0,0,0,0.00682685021272431,0,0,0,0,0,0,2002
"2003",0,0,0,0,0,0.648863369555802,0.0179790748355841,0.693553546586998,0,0,0,0,0,0,0,0,0,0,0,0.549944405792286,0,0.127302189396248,0,0.225252776859421,0.0257489954245807,0,0,0,0,0,0,0.121002612613558,0,0,0,0,0,0,0,0,1.25417514454255,1.53698848705786,0,0.145743555689072,0.183327697426676,2.69268982743704,0,0,0,0,0,0,0,0.00163517015829533,0,0,0,0,0,0,0,0.138240116724657,0,0.00685878567137976,0,0,0,0,0,0,0.0206170855703687,0.0814756796610843,0,0,0,0,0,0,0,0,0.0102538630453806,0.0861173166529121,0,0,0,0,0,0,0.00781772267288132,0.0158826222105715,0.0528179032101862,0,0,0,0.147149928463464,0,0,0,0.642091293820734,0.0288030301531173,8.15699427652164e-05,0,0,0,0,0.000979917865593601,0,0,0,0,0.0236611494757293,0,0,0,0,0,0,0,0,0,0.00690580553399507,0.0452275904969077,0,0,0,0.182523309289065,0.0141031843908458,0.000304776513662596,0.111958838180679,0,0,0,0,0,0,0,0.00125646203730637,0,0.0663063829945295,0,0,0.000417643892508753,0.00400714768464007,0.327766402642575,0.00178705763323394,0,0.125736979312662,0,0,0,0,0,0,0.00328527780469254,0,0.778661199750267,0,0,0.000147006263197471,0.235571757416852,0,0,0,0,0,0.0172038026033306,0,0,0,0,0,0,0.0950219205039296,0,0.333916493650142,0.0253953847503699,0,0,0,0.0334152609789747,0,0,0.00188920183345889,0,0.0338674624499181,0,2003
"2004",0,0,0,0,0,0,0,0,0,0,0,0,0,0,0,0,0,0.0115599567641005,0,0.0209044595626784,0,0.0126605372717274,0,0,0,0,0,0,0,0,0,0,0,0,0,0,0,0.0041416646911645,0,0,0.00774379668068163,0,0.00366786348382975,0,0,0,0,0,0,0,0,0,0,0.0059107051340017,0.0319032804347196,0,0,0,0,0,0.00157186995174567,0.0729780880672271,0.0251698188180044,0.161001691717648,0,0,0,0,0,0,0,0,0,0.0128054818284855,0,0,0,0,0,0,0,0.0849380696329509,0,0.16920407053241,0,0,0,0,0,0,0,0,0,0,0.050920119039078,0,0,0,0,0,0.118666280451248,0,0,0,0,0.0175633619636597,0,0,0,0,0,0,0,0,0,0,0,0,0,8.21365532194504e-05,0.0873874681245278,0.00389059520825044,0,0,0,0,0,0.00174158748085716,0,0,0,0,0,0.00426568954163355,0.0141383545781369,0.000325083042091513,0.0210542629245939,0,0.0137942236404579,0,0,0,0,0,0,0,0,0,0,0.000582884461526465,0.129026960474745,0,0,0,0,0,0,0,0,0.0039543890793139,0,0,0,0,0,0.00325953292624817,0.118947444782286,0,0,0,0,0,0,0,0,0.0145674891439998,0,0,4.35173617988499e-06,0.00355087219730954,0,0,0,0,0,0,2004
"2005",0,0,0.021225767896728,0,0,0.0474908727287888,0,0.00101911203667908,0,0,0,0,0,0,0,0,0,0,0,0.129846200790792,0,0.000366261066601097,0,0,0.000208312151380742,0,0,0,0,0,0,0,0,0.00698845707523367,0,0,0,0.0399483029371468,0,0,0.0115206144398543,0.0558366623353108,0.00496802794465607,0,0.0121032186670382,0.0951966594815422,0.00180643856163566,0,0,0,0.000968263021850127,0,0,0.138207041534889,0.00910072997553678,0,0,0,0,0,1.84925876675961e-05,0.00277771646245371,0,0,0,0,0,4.83037003327129e-05,0,0,0,0.0252369132714504,0.00456736452855511,0.0258762981065018,0,0,0,0,0,0,0,0.0583357565786623,0,0.13515751772547,0,0,0,0,0,0,0.0118895522989869,0,0,0,0.0344075009353534,0,0,0,0.38464287019684,0.0114865420133564,0,0,0,0,0,0.00140090944833073,0,0,0,0,0,0,0,0,0,9.23318959120412e-05,0.00781615795791954,0.0678297558116955,0,0.0665728227154234,0.0173934278315287,0.231892548312532,0,0,0,0,0,0.00231720655873678,0.00193219511104614,0.00622082776964081,0,0,0,0,0.0277968464918251,0,0,0,0.0104080085600923,0,0,0.000253095313404976,0.0374381893680039,0.0165921099126539,0,0,0,0,0,0,0.00101039461454695,0.00789349026336141,0,0,0,0,0.0270824660016351,0,0,0.0387313854153339,0.000108285518650809,0,0,0,0,0,0,0,0,0,0,0,0,0,0,0.0594715774488229,0,0,0,0.080178734468055,0,0,0.0274426269569927,0,0,0,2005
"2006",0,0.0575641662047433,0.747703320090332,0,0,0.516289299524702,0,0,0,0,0,0,0,0,0,0,0,1.0296647272862,0.13871461271918,0.556776953178539,0,1.98135739976243,0.345449305161565,0.005994129834266,1.02697962813502,0,0,0,0,0,0,0,0,0,0,0,0,1.54781426369738,0,0,1.11745151027361,0.102417088323565,0.000105923929471331,0.0213468026579066,0,0.356021627147388,0.0150325887001462,0,0,0,0,0.0098051378544871,0.00829011948068171,0.104897120789659,0.00621143183743966,0,0,0,0,0,3.72525363790899e-05,0.0492663031350546,0.00701145751937528,0.749407172882594,0,0,0,0,0,0,0.000291367979192143,0.356410643201757,0,0.301692243205277,0,0,0,0,0,0,0,0.171035521468526,0,0.679544783738973,0.0708128089657241,0,0,0.501994953450957,0.301562718820118,0.0292245456945282,0.734526588960208,0,0,0,0.386563220541786,0.164904605231453,0,0,0.178594220422973,0.295618756860143,0.129267465804188,0,0,0,0,0.0271954044776036,0,0,0,0,0,0,0,0,0.000165935666195741,0.0797246503370078,0.593487272485788,0.12402007342622,0.801450603428382,0.0777784021483925,0.999617928785966,0.134284082745342,0,0,0,0,0.0232028685021285,0.349831310009713,0.0187228576713978,0.0768373304591545,0.711631122292948,0.0414820929401393,0.031098279851703,0,0.38068529941296,1.12299891738165,0.181910406849185,0,1.45759691656741,0,0,0.106783139567437,0.118828935345685,0.597935208853312,0.129936304919261,0,0.743151635957782,0,0.150007773275014,0.158347297937043,0.368471134807249,1.14246275175238,0.244820977905107,0,0,0,0,0,0.0522291564012198,0.0578350829681344,0.102137326909708,0,0.344603367216976,0,0,0.268733239872778,0.356302857621337,0.84775068115351,0,0.160992753643819,0.533070238298596,0,0,0,0.221550168737329,0.096030959019658,0,0,0,0.465501157498133,0,0,0.300627569778966,0,0,0,2006
"2007",0,0.00031073773929686,0.359230239993364,0,0,0.0709780824503835,0,0.046087310023229,0,0,0,0,0,0,0,0,0,0.00476975820580844,0.00446299850231761,0.119333693326008,0,0.0954927376736014,0.0110669201047295,0,0.00872621126420962,0.201240025638278,0,0,0,0,0,7.75346198980864e-05,0,0,0,0,0,0.719380511641799,0.0026018270229683,0,0.842531887090739,0.924539872109612,0.448495045332706,8.15953864349938e-05,0.00682455117254421,0.246070953196692,0,0,0,0,0,0,0,0.0907790966201489,0,0,0,0,0,0,0,0.399056978014662,0.048437596004869,0.160925007372489,0,0,0,0,0,0,0.105282854115218,0.00981223885477344,0.00290563308392674,0.0552675561271387,0,0,0,0,0,0,0,1.33557584888319,0,0.390384357153672,0,0,0,0.0158356919036998,0.0425592272061997,0.275521258845802,0.0485831949802028,0,0,0,0.0293649999672345,0.00368703852117673,0,0.0153489495887066,4.43338775649705,0.010439337055549,0.032126012252454,0,0,0,0,0,0,0,0,0,0,0,0.00163308546582037,0,0,0.0991012649266646,0.0385285509736252,0.00317863253983682,0,0.59239811541354,0.251528288158621,0.0307169537075056,0,0,0.0412401132088838,0.0984724523600343,0.000862296779753469,0,0.0171417241996492,0,0,0,0.0147310249851023,0.00128133181055736,0.0565506072352183,0.174642408976824,0.0052986048925346,0,0.235553605390001,0,0.00962289710290505,0,0,0.0368401899689127,0,0.095118735026282,0,0.496261821744829,0.00344495793142358,0,0.0157860847743365,0.00743845289983074,0.0132224707126373,0,0,0.303038409385344,0,0,0,0.0501822599721931,0.00142414871226506,0,0,0,0,0.0693968552596578,0.220981684086596,0.0178167328314959,0,0.0617711267563396,0.0253015343401936,0,0,0.165884155947024,0.0120132992118077,0,0,0,0,0.0114465726691781,0,0,0,0.0337427808910145,0.18025595651479,0.125359173930531,2007
"2008",0.00138164096477771,0,0,0,0,0.00031891836529498,0,0,0,0,0,0,0,0,0,0,0,0,0,0,0,0,0,0.000469071525299095,0,0,0,0,0,0,0,0,0,0,0,0,0,0,0,0,0.000115029546097686,0.0969465238416403,0,0.0932431917769814,0.00342681448335168,0.0128526141136128,0,0,0,0,0,0,0,0.66652953137751,0,0,0,0,0,0,0,0.492663527992348,0.251630331146107,0.208991748629869,0,0,0,0,0,0,0.000211658030646531,0.0111228139554825,0,0.000155864797555544,0,0,0,0,0,0,0,0,0.00242000277209652,0.100961360704359,0,0,0,0,0,0,0.0398552703447304,0,0,0,0.329716264779567,0,0,0,0.00628949700903272,0,0,0,0,0,0,0.0393794409830275,0,0,0,0,0,0,0,0,0,0.00424119136655399,0.0542296380525608,0,0.00020653464424162,0.0379829976940028,0.334889070425017,0.401647161677437,0,0,0,0,0,0,0,0,0,0,0.0024096381934305,0.0397932821687292,0.0297828869860661,0.00242995684915421,0,0,0,0,0,0,0,0,0.0289093610217872,0,0.00384873916666723,0,0.00130778359627005,0,0.000137923659643331,0,0,0,0,0,0,0,0,0,0,0,0,0,0,0,0,0,0,0,0,0,0,0,0,0.17183196318489,0,0,0,0.00117529971544556,0,0,0,0,0,0,2008
"2009",0.0521031172330425,0,0.153558499353066,0,0,0,0,0,0,0,0,0,0,0,0,0,0,0,0,0,0,0.122462766932429,0,0,0,0,0,0,0,0,0,0,0,0,0,0,0,0,0,0,0,0.188400151196993,0,0,0,0.116559693481878,0,0,0,0,0,0,0,0.012381497174621,0,0,0,0,0,0,0,0.136901891964425,0.00621363602943224,0.189771572959759,0,0,0,0,0,0,0,0.0551166639307613,0,0.000570773181126582,0,0,0,0,0,0,0,0.00745829370796604,0,0.0387606459811336,0,0,0,0,0,0,0.0926669287947088,0,0,0,0.0317649273582981,0,0,0,0,0,0,0,0,0,0,0,0,0,0,0,0,0,0,0,0,0,0,0.120657823801101,0,0.10645562000836,0.325319458921759,0.0311774855147785,0,0,0,0,0,0,0.00325024403368299,0.0230498651460973,0,0,0,0.000869142515355391,0.00605710381180639,0,0,0,0.00165667254218775,0,0,0,0.0206611874084686,0,0,0,0.359987367567432,0,0.000997151399937886,0,0,0,0.0162494244607215,0,0,0,0,0,0,0.0818495071883737,0.0449934587064203,0,0,0,0,0.00731971781525819,0,0,0,0,0,0,0,0.0016176547794771,0,0.0895127045713146,0,0,0,0.235183668881436,0,0,0,0.00608469616736197,0.0675846711073566,0,2009
"2010",0,0,0,0,0,0,0,0,0,0,0,0,0,0,0,0,0,0,0,0,0,0,0,0,0,0,0,0,0,0,0,0,0,0,0,0,0,0,0,0,0,0,0,0.023823643521744,0.021949231271321,0,0,0,0,0,0,0,0,0.207948957713066,0.0101995636975642,0,0,0.00155011563748669,0,0,0.00081367385737423,0,0,0,0,0,0,0,0,0,0.0158773681308927,0.044341353122802,0.070710947617427,0.211662605371525,0,0,0,0,0,0,0,0.0148087055839544,0.0123201822670618,0,0,0,0,0,0,0,0.0321852078644125,0,0,0,0.015657725403953,0,0,0,0.16114100335692,0,0,0,0,0,0,0.000308100150405402,0,0,0,0,0,0,0,0,0,0,0.000372730869194469,0,0,0.0897241836798681,0.0106816725517878,0.0562607552325709,0,0,0,0,0,0.000295684267095084,0,0,0,0,0.00695889210048813,0,0,0,0.000475165212943426,0,0,0,0,0,0,0,0,0,0,0,0.00797721119950309,0,0,0,0,0,0,0,0,0,0,0.00227428333846897,0,0,0,0,0,0,0,0,0,0,0,0,0,0,0,0.0037822108982207,0,0,0,0,0,0,0.00321582161641802,0,0,0,2010
"2011",0.294702725077929,1.56659391954722,0.793392933650078,0,0,0,0,0.0502319107541626,0,0,0,0,0,0,0,0,0,1.719305212168,0.00888360259282667,2.08154691602435,0,1.58663132437252,0,0.321664751005287,0,0,0,0,0,0,0,0,0,0,0,0,0,3.56568968241864,0,0,0.00174032300362685,0.523440445125846,0,0.194464498135631,0.032706588727714,0.541339629688505,0,0,0,0,0,0,0,1.26250837742219,0.000415769178562532,0,0,0.00779335931877612,0,0,0,0,0,0,0,0,0,0,0,0,0.126784015409907,0.117778518690168,0.00397461589701051,0.327555452471887,0,0,0,0,0,0,0,0.113568371039853,0,0.00375806684067914,0.342811712683073,0,0,0.672456147377997,0.450632884300088,0,1.8385142143962,0,0,0,0.754961898109227,0.290655816513096,0,0,0.517299988023687,0,0.112277419343226,0,0,0,0,0.0275193286773747,0,0,0,0,0,0,0,0,0,0.00264711759151407,0.172414878222968,0.000198196460968134,0,0.0016884915712102,0.820906064302412,0.0113758091424469,0,0,0,0,0,0.674129846316602,0.0398941011398043,0.0576313292520995,0.0596990576472545,0,0.045899106963405,0.142911608373847,0.881585148679093,2.13743977174954,0,0,0,0,0,0,0.0552841780905463,0.42522684143981,0.00341392051498173,0,0,0,0,0.424936289411139,2.03557579007952,1.33259688043818,0.186531881081101,0,0,0.00539566935315474,0,0,0,1.65219590470578,0.0070888826173102,0,0,0,0,0.27629345442644,0.599737799373889,2.0833785965821,0.740134178478802,0.58076113554412,0.664240948249682,0,0.014713324970569,0.0734415269882603,0,0,0,0,0.0928123063342641,2.39262889105102,0,0,0.0126631838260931,0,0.0110031553657756,0.186554045790759,2011
"2012",0,0,0.0168092589082199,0,0,0,0.0180342379636676,0,0,0,0,0,0,0,0,0,0,0,0,0.000674711822421935,0,0,0,0,0.0115149028551598,0,0,0,0,0,0,0.00825560752705512,0,0,0,0,0,0,0,0,7.29765856875696e-05,0,0,0.00411855716794612,0,0.130701260155152,0,0,0,0,0,0,0,0.0322758454020655,0,0,0,0,0,0,0,0.00664381586992666,0.10017260193094,1.64570407702357,0,0,0,0,0,0,0,0,0,0,0,0,0,0,0,0,0,1.802961634043,0.310810695982835,0.0704626791078037,0,0,0.210550939474468,0.0103435321379703,0,3.80222484062294e-05,0.0242965836894942,0,0,0,0.0527258050567335,0,0,0.0315882710192082,2.36410528677714,0.00107942660590135,0.0140383909930273,0.185848777801152,0,0,0,0.000122397640097316,0,0,0,0,0,0,0,0,8.29678330978705e-05,0.00030382690094954,0.0762145247384285,0.111740195221072,0,0,0.0102946358630395,0,0,0,0,0,0,0,0.00678796831911235,0,0.364295212160384,0.0371018032925843,0,0,0,0,0.00063371122489242,0,0,0,0,0,0,0,0.128562197100071,0,0.00116251389808295,0,0,0,0,0.019929412457984,0,0,0.00367405384749495,0,0.120768598530764,0,0,0.0371867741754765,0,0,0,0,0,0.0195866811543181,0,0,0,0,0,0,0,0,0.000419309795819382,0.0390919269442413,0,0,0,0.00141470055569862,0,0,0,0.00453115672037593,0,0,2012
"2013",0,0,0.272802959069439,0,0,0,0,0.257152877500391,0,0,0,0,0,0,0,0,0,0,0,0.229408761192195,0,0.002300874341806,0,0.00101907944571889,0,0,0,0,0,0,0,0,0,0,0,0,0,1.06279488045811,0,0,0.214326505052779,0.188686354874846,0.126965486824385,0,0,0.245678410811311,0,0,0,0,0.000104261679218156,0,0,1.15834306724597,0,0,0,0,0,0,0.124194260344586,0.107929994565331,0,0,0,0,0,0,0,0,0,0.0186047462371793,0,0,0,0,0,0,0,0,0.0859904603897254,0.17068713563501,0,0.523203205106169,0,0,0,0.0903714451517842,0,0,0.0798990774483279,0,0,0,0.02578842930432,0,0,0,0.470192267559179,0.0949163689356557,0.000108144697313973,0,0,0,0,0,0,0,0,0,0.00403792423998528,0,0,0.00333149822371945,0,0,0.0628526226412026,0,0.306405594216954,0,0.0942650390729139,0.0269586818865407,0,0,0,0,0,0,0.0214389035120531,0.0019476266558548,0.000319462774986488,0,0,0,0.434032250035093,0.354851914477424,0.000981096518811246,0,0,0,0,0.00553339902001062,0,0,0.000512048487395437,0,0.164094699144883,0,0,0,0.00610703385268153,0.000100513253802257,0,0.00108002724119642,0,0,0,0,0,0.0165518045168674,0,0,0,0,0,0.354606259133553,0,0.164775769345572,0,0.395583148006129,0,0,0,0,0,0,0,0,0,0.320928585731511,0,0,0,0,0,0.00721524887553005,2013
"2014",0,0,0,0,0,0.152919622700076,0,0,0,0,0,0,0,0,0,0,0,0,0,0,0,0,0,0,0.0937347616815249,0,0,0,0,0,0,0,0,0,0,0,0,0,0,0,0.00472263567936873,0,0,0.134649740598606,0.0107375869160661,0.00134769558999364,0,0,0,0,0,0,0,0.465900868825759,0,0,0,0,0,0,0.000145442666128666,0.092847326303885,0.0539808511101562,1.16174297421248,0,0,0,0,0,0,0,0,0,0,0,0,0,0,0,0,0.0182792755234873,0.119009437909374,0.00521432968908215,0.226444115874632,0,0,0,0,0,0,0,0,0,0,0.00890759881926166,0,0,0.00456691658154668,0.116771090386124,0,0,0,0,0,0,0.00196476672751641,0,0,0,0,0,0,0,0,0,0.16858655831075,0,0,0,0,0.00584508001949193,0.00446075818155301,0,0,0,0,0,0,0,0,0,0,0,0,0,0,0.016431847316563,0,0.124948295275342,0,0,0,0,0,0,0,0,0,0,0,0,0,0,0,0.0567324739593842,0,0,0,0,0.0326985265397281,0,0,0,0,0,0,0,0,0,0,0,0,0,0,0,0,0,0,0,2.03954123307064e-05,0,0,0,0,0,0,2014
"2015",0,0,0,0,0,0.918969991914747,0,0.0350841410731196,0,0,0,0,0,0,0,0,0,0,0,0,0,0.227771999413783,1.22519348408038,0.0478062674405147,0.559943991008926,0,0,0,0,0,0,0.0806678252818796,0,0,0,0,0,0,0,0,0.121886877641291,0.0567947070875336,0.149844597584711,0.101588766020829,0.400002950493175,0.500105381549282,0,0,0,0,0,0.0159165419637459,0,0.0366285886614454,0,0,0,0,0,0,0.0867911360926411,0.330497356141128,0,1.60021331739921,0,0,0,0,0,0,0,0,0,0,0,0,0,0,0,0,0,0.640811392001591,0,0.0252516706976083,0,0,0,0,0,0,0,0,0,0,0.000701373596123163,0,0,0,0.923896894140844,0,0,0,0,0,0,0,0,0,0,0,0,0,0,0,0,0,0.000506104512825599,0.141264610034628,0.0460782979300283,0,0,0,0,0,0,0,0,0.0957088306474193,0,0,0,0,0,0,0.00129286063177995,0,0.287682592918123,0.459200107243005,2.08884248872882,0.0485239875194215,0,0,0,0,0,0.127466065728428,0,0,0,0,0,0,0,0.377440067185733,0.0157175048284856,0.0654234535167533,0.00111056399158658,0,0,0,0,0,0,0,0,0,0,0,0,0.00497284771479212,0,0,0.000909987345722389,0,0.0674496512894164,0,0,0,0,0,0,0,0.0376989404204346,0.199922703598852,0.28757409877409,0,2015
