"","x"
"1","114028"
"2","72651"
"3","141875"
"4","85265"
"5","23881"
"6","103766"
"7","125652"
"8","101729"
"9","121461"
"10","92549"
"11","1085"
"12","105885"
"13","92550"
"14","48916"
"15","2366"
"16","69615"
"17","19557"
"18","135144"
"19","66556"
"20","97670"
"21","76863"
"22","31154"
"23","94595"
"24","91513"
"25","124600"
"26","1324"
"27","142235"
"28","107879"
"29","18487"
"30","115102"
"31","59327"
"32","134125"
"33","90498"
"34","75810"
"35","137115"
"36","38433"
"37","41700"
"38","64474"
"39","45804"
"40","12349"
"41","99701"
"42","119294"
"43","29014"
"44","143455"
"45","144782"
"46","144788"
"47","145375"
"48","145453"
"49","145454"
"50","146034"
"51","146087"
"52","146619"
"53","146632"
"54","147244"
"55","147249"
"56","147252"
"57","147822"
"58","147831"
"59","148406"
"60","148408"
"61","149048"
"62","149057"
"63","149064"
"64","151340"
"65","151687"
"66","151697"
"67","152063"
"68","152365"
"69","152687"
"70","153254"
"71","154404"
"72","157362"
"73","157764"
"74","158195"
"75","158609"
"76","158627"
"77","158628"
"78","158634"
"79","159877"
"80","159886"
"81","160090"
"82","160378"
"83","160715"
"84","160753"
"85","160777"
"86","160835"
"87","160872"
"88","160873"
"89","160874"
"90","160885"
"91","160911"
"92","160912"
"93","161014"
"94","161118"
"95","161445"
"96","161556"
"97","161561"
"98","161563"
"99","162054"
"100","162062"
"101","162073"
"102","162082"
"103","162109"
"104","162278"
"105","162507"
"106","162869"
"107","162876"
"108","162947"
"109","163012"
"110","163016"
"111","163035"
"112","163036"
"113","163042"
"114","163246"
"115","163587"
"116","163698"
"117","163704"
"118","163713"
"119","163721"
"120","163727"
"121","163728"
"122","163733"
"123","163741"
"124","163748"
"125","163751"
"126","163987"
"127","164257"
"128","164269"
"129","164426"
"130","164437"
"131","164446"
"132","164464"
"133","164691"
"134","164736"
"135","164971"
"136","165004"
"137","165035"
"138","165046"
"139","165048"
"140","165141"
"141","165151"
"142","165165"
"143","165169"
"144","165181"
"145","165193"
"146","165195"
"147","165408"
"148","165778"
"149","165786"
"150","165918"
"151","165930"
"152","165931"
"153","166788"
"154","166805"
"155","166845"
"156","167501"
"157","167835"
"158","168340"
"159","168341"
"160","168383"
"161","168391"
"162","168401"
"163","168402"
"164","169082"
"165","169273"
"166","169274"
"167","169313"
"168","169329"
"169","169953"
"170","170049"
"171","170436"
"172","170461"
"173","170655"
"174","170850"
"175","170851"
"176","170905"
"177","171469"
"178","171719"
"179","171721"
"180","172477"
"181","172592"
"182","173754"
"183","173780"
"184","173799"
"185","173801"
"186","174217"
"187","174259"
"188","175139"
"189","175203"
"190","175215"
"191","175223"
"192","175258"
"193","175463"
"194","175466"
"195","176727"
"196","176771"
"197","177000"
"198","177197"
"199","177206"
"200","177489"
"201","178107"
"202","178183"
"203","178202"
"204","178221"
"205","178252"
"206","178253"
"207","178267"
"208","178489"
"209","178661"
"210","178865"
"211","179629"
"212","179630"
"213","179671"
"214","181085"
"215","181086"
"216","181141"
"217","181147"
"218","181248"
"219","181676"
"220","182557"
"221","182567"
"222","182585"
"223","182586"
"224","182587"
"225","182615"
"226","182621"
"227","182717"
"228","182718"
"229","183039"
"230","183970"
"231","183978"
"232","183989"
"233","184012"
"234","184013"
"235","184027"
"236","184056"
"237","184271"
"238","184272"
"239","184274"
"240","184352"
"241","184383"
"242","184430"
"243","184432"
"244","184448"
"245","184581"
"246","184617"
"247","184634"
"248","184656"
"249","184674"
"250","184693"
"251","184700"
"252","184701"
"253","184703"
"254","184756"
"255","184757"
"256","184761"
"257","184787"
"258","185145"
"259","185170"
"260","185174"
"261","185177"
"262","185212"
"263","185219"
"264","185222"
"265","185244"
"266","185267"
"267","185281"
"268","185284"
"269","185286"
"270","185296"
"271","185298"
"272","185310"
"273","185375"
"274","185377"
"275","185378"
"276","185380"
"277","185463"
"278","185476"
"279","185512"
"280","185525"
"281","185539"
"282","185540"
"283","185559"
"284","185561"
"285","185562"
"286","185580"
"287","185613"
"288","185615"
"289","185680"
"290","185691"
"291","185758"
"292","185769"
"293","185788"
"294","185808"
"295","185819"
"296","185822"
"297","185927"
"298","185929"
"299","186223"
"300","186269"
"301","186272"
"302","186280"
"303","186281"
"304","186282"
"305","186299"
"306","186300"
"307","186309"
"308","186340"
"309","186341"
"310","186342"
"311","186363"
"312","186364"
"313","186406"
"314","186421"
"315","186431"
"316","186442"
"317","186509"
"318","186512"
"319","186513"
"320","186651"
"321","186654"
"322","186688"
"323","186690"
"324","186691"
"325","186779"
"326","186788"
"327","186834"
"328","186835"
"329","186837"
"330","186844"
"331","186845"
"332","186902"
"333","186922"
"334","186968"
"335","186969"
"336","186987"
"337","187010"
"338","187043"
"339","187100"
"340","187286"
"341","187300"
"342","187341"
"343","187379"
"344","187384"
"345","187386"
"346","187387"
"347","187390"
"348","187391"
"349","187396"
"350","187397"
"351","187398"
"352","187412"
"353","187417"
"354","187424"
"355","187431"
"356","187434"
"357","187453"
"358","187460"
"359","187461"
"360","187462"
"361","187468"
"362","187499"
"363","187541"
"364","187545"
"365","187546"
"366","187551"
"367","187552"
"368","187553"
"369","187555"
"370","187556"
"371","187569"
"372","187575"
"373","187576"
"374","187586"
"375","187652"
"376","187653"
"377","187654"
"378","187781"
"379","187782"
"380","187800"
"381","187813"
"382","187830"
"383","187836"
"384","187862"
"385","187897"
"386","187904"
"387","187931"
"388","187955"
"389","187966"
"390","188016"
"391","188045"
"392","188083"
"393","188097"
"394","188109"
"395","188410"
"396","188413"
"397","188448"
"398","188495"
"399","188497"
"400","188506"
"401","188511"
"402","188518"
"403","188522"
"404","188527"
"405","188533"
"406","188534"
"407","188537"
"408","188540"
"409","188547"
"410","188563"
"411","188564"
"412","188580"
"413","188587"
"414","188588"
"415","188618"
"416","188619"
"417","188630"
"418","188631"
"419","188632"
"420","188638"
"421","188647"
"422","188648"
"423","188720"
"424","188723"
"425","188724"
"426","188725"
"427","188839"
"428","188863"
"429","188864"
"430","188957"
"431","188974"
"432","188990"
"433","189046"
"434","189061"
"435","189072"
"436","189083"
"437","189094"
"438","189095"
"439","189121"
"440","189140"
"441","189157"
"442","189175"
"443","189186"
"444","189220"
"445","189231"
"446","189458"
"447","189465"
"448","189508"
"449","189509"
"450","189511"
"451","189531"
"452","189550"
"453","189552"
"454","189566"
"455","189575"
"456","189576"
"457","189577"
"458","189578"
"459","189580"
"460","189587"
"461","189656"
"462","189665"
"463","189669"
"464","189688"
"465","189781"
"466","189898"
"467","189899"
"468","189913"
"469","189924"
"470","189926"
"471","189941"
"472","189945"
"473","189946"
"474","189959"
"475","189960"
"476","189977"
"477","189998"
"478","190039"
"479","190106"
"480","190107"
"481","190142"
"482","190166"
"483","190183"
"484","190233"
"485","190257"
"486","190293"
"487","190308"
"488","190542"
"489","190555"
"490","190609"
"491","190610"
"492","190617"
"493","190626"
"494","190661"
"495","190673"
"496","190703"
"497","190719"
"498","190721"
"499","190740"
"500","190752"
"501","190755"
"502","190761"
"503","190777"
"504","190784"
"505","190853"
"506","190856"
"507","190923"
"508","190934"
"509","190961"
"510","190977"
"511","190978"
"512","190999"
"513","191036"
"514","191125"
"515","191173"
"516","191174"
"517","191187"
"518","191328"
"519","191377"
"520","191429"
"521","191699"
"522","191700"
"523","191718"
"524","191722"
"525","191724"
"526","191752"
"527","191758"
"528","191764"
"529","191765"
"530","191771"
"531","191772"
"532","191774"
"533","191794"
"534","191836"
"535","191860"
"536","191861"
"537","191867"
"538","191870"
"539","191871"
"540","191872"
"541","191951"
"542","191952"
"543","191953"
"544","191956"
"545","191957"
"546","191958"
"547","192025"
"548","192026"
"549","192037"
"550","192070"
"551","192097"
"552","192099"
"553","192114"
"554","192124"
"555","192126"
"556","192223"
"557","192262"
"558","192320"
"559","192387"
"560","192401"
"561","192428"
"562","192434"
"563","192481"
"564","192703"
"565","192785"
"566","192800"
"567","192801"
"568","192807"
"569","192810"
"570","192811"
"571","192827"
"572","192834"
"573","192842"
"574","192843"
"575","192849"
"576","192851"
"577","192853"
"578","192861"
"579","192865"
"580","192872"
"581","192877"
"582","192878"
"583","192880"
"584","192886"
"585","192891"
"586","192905"
"587","192921"
"588","192922"
"589","192954"
"590","192972"
"591","192973"
"592","193050"
"593","193051"
"594","193154"
"595","193244"
"596","193245"
"597","193421"
"598","193457"
"599","193503"
"600","193562"
"601","193583"
"602","193595"
"603","193597"
"604","193634"
"605","193703"
"606","193707"
"607","193722"
"608","193723"
"609","193725"
"610","193734"
"611","193753"
"612","193787"
"613","193798"
"614","194148"
"615","194336"
"616","194337"
"617","194693"
"618","194836"
"619","194874"
"620","194965"
"621","194966"
"622","195024"
"623","195032"
"624","195033"
"625","195053"
"626","195083"
"627","195135"
"628","195136"
"629","195150"
"630","195230"
"631","195280"
"632","195397"
"633","195399"
"634","195400"
"635","195577"
"636","195761"
"637","196043"
"638","196182"
"639","196187"
"640","196203"
"641","196209"
"642","196281"
"643","196283"
"644","196338"
"645","196491"
"646","196522"
"647","196554"
"648","196643"
"649","196804"
"650","196849"
"651","196852"
"652","196857"
"653","196859"
"654","197350"
"655","197398"
"656","197414"
"657","197468"
"658","197479"
"659","197495"
"660","197496"
"661","197497"
"662","197500"
"663","197501"
"664","197505"
"665","197507"
"666","197525"
"667","197534"
"668","197567"
"669","197621"
"670","197633"
"671","197654"
"672","197907"
"673","198108"
"674","198109"
"675","198478"
"676","198495"
"677","198516"
"678","198529"
"679","198604"
"680","198609"
"681","198629"
"682","198646"
"683","198660"
"684","198733"
"685","198736"
"686","198747"
"687","198748"
"688","198837"
"689","198853"
"690","198869"
"691","198883"
"692","198979"
"693","198993"
"694","199061"
"695","199124"
"696","199149"
"697","199161"
"698","199368"
"699","199369"
"700","199732"
"701","199749"
"702","199767"
"703","199802"
"704","199882"
"705","199923"
"706","199933"
"707","200017"
"708","200028"
"709","200029"
"710","200032"
"711","200033"
"712","200038"
"713","200043"
"714","200055"
"715","200056"
"716","200066"
"717","200127"
"718","200133"
"719","200193"
"720","200214"
"721","200215"
"722","200415"
"723","200497"
"724","201139"
"725","201140"
"726","201173"
"727","201204"
"728","201265"
"729","201311"
"730","201415"
"731","201657"
"732","201678"
"733","201817"
"734","202226"
"735","202277"
"736","202373"
"737","202396"
"738","202517"
"739","202527"
"740","202528"
"741","202563"
"742","202615"
"743","203064"
"744","203104"
"745","203514"
"746","203740"
"747","203761"
"748","203837"
"749","203853"
"750","203873"
"751","203880"
"752","204019"
"753","204038"
"754","204039"
"755","204041"
"756","204047"
"757","204049"
"758","204065"
"759","204076"
"760","204077"
"761","204078"
"762","204089"
"763","204091"
"764","204110"
"765","204111"
"766","204129"
"767","204154"
"768","204255"
"769","204797"
"770","204798"
"771","204883"
"772","204902"
"773","204980"
"774","204986"
"775","204995"
"776","205064"
"777","205093"
"778","205127"
"779","205144"
"780","205145"
"781","205157"
"782","205174"
"783","205177"
"784","205190"
"785","205210"
"786","205364"
"787","205786"
"788","205960"
"789","206005"
"790","206045"
"791","206064"
"792","206065"
"793","206137"
"794","206146"
"795","206150"
"796","206181"
"797","206312"
"798","206313"
"799","206326"
"800","206329"
"801","206332"
"802","206333"
"803","206334"
"804","206350"
"805","206351"
"806","206390"
"807","206554"
"808","206560"
"809","206973"
"810","207128"
"811","207191"
"812","207246"
"813","207248"
"814","207323"
"815","207325"
"816","207328"
"817","207348"
"818","207358"
"819","207362"
"820","207368"
"821","207500"
"822","207526"
"823","207589"
"824","207590"
"825","207591"
"826","207625"
"827","207700"
"828","207742"
"829","207747"
"830","207748"
"831","208164"
"832","208317"
"833","208428"
"834","208431"
"835","208453"
"836","208480"
"837","208543"
"838","208553"
"839","208556"
"840","208567"
"841","208690"
"842","208758"
"843","208771"
"844","208772"
"845","208773"
"846","208776"
"847","208836"
"848","208844"
"849","208974"
"850","208977"
"851","209560"
"852","209677"
"853","209684"
"854","209763"
"855","209817"
"856","209840"
"857","209922"
"858","209945"
"859","209955"
"860","209993"
"861","209994"
"862","210013"
"863","210035"
"864","210051"
"865","210099"
"866","210191"
"867","210708"
"868","210812"
"869","210865"
"870","210900"
"871","210914"
"872","211042"
"873","211047"
"874","211048"
"875","211071"
"876","211073"
"877","211092"
"878","211120"
"879","211121"
"880","211122"
"881","211261"
"882","211712"
"883","211912"
"884","211971"
"885","211972"
"886","212071"
"887","212119"
"888","212136"
"889","212177"
"890","212212"
"891","212245"
"892","212247"
"893","212264"
"894","212266"
"895","212269"
"896","212270"
"897","212282"
"898","212301"
"899","212376"
"900","212377"
"901","212489"
"902","212504"
"903","212522"
"904","212533"
"905","212542"
"906","213432"
"907","213447"
"908","213480"
"909","213484"
"910","213489"
"911","213500"
"912","213501"
"913","213514"
"914","213524"
"915","213528"
"916","213532"
"917","213556"
"918","213613"
"919","214123"
"920","214391"
"921","214455"
"922","214457"
"923","214460"
"924","214476"
"925","214486"
"926","214511"
"927","214512"
"928","214537"
"929","214562"
"930","214614"
"931","215437"
"932","215481"
"933","215495"
"934","215507"
"935","215584"
"936","215651"
"937","216411"
"938","216421"
"939","216423"
"940","216474"
"941","216478"
"942","216479"
"943","216488"
"944","216494"
"945","216554"
"946","216596"
"947","216670"
"948","217471"
"949","217480"
"950","217481"
"951","217491"
"952","217518"
"953","217542"
"954","217545"
"955","217557"
"956","217560"
"957","217603"
"958","218481"
"959","218486"
"960","218487"
"961","218492"
"962","218512"
"963","218513"
"964","218530"
"965","218558"
"966","218691"
"967","219478"
"968","219491"
"969","219524"
"970","219531"
"971","219533"
"972","219546"
"973","219549"
"974","219604"
"975","219608"
"976","219609"
"977","219610"
"978","219615"
"979","219639"
"980","219670"
"981","219671"
"982","219724"
"983","219725"
"984","220479"
"985","220494"
"986","220501"
"987","220527"
"988","220532"
"989","220539"
"990","220580"
"991","220581"
"992","220582"
"993","220591"
"994","220597"
"995","220604"
"996","220613"
"997","220633"
"998","220637"
"999","220644"
"1000","220652"
"1001","220681"
"1002","220692"
"1003","220733"
"1004","220744"
"1005","220745"
"1006","220750"
"1007","220760"
"1008","220790"
"1009","220797"
"1010","220809"
"1011","220810"
"1012","220831"
"1013","220845"
"1014","220855"
"1015","220895"
"1016","220939"
"1017","220947"
"1018","220951"
"1019","220993"
"1020","221006"
"1021","221007"
"1022","221012"
"1023","221021"
"1024","221034"
"1025","221037"
"1026","221065"
"1027","221081"
"1028","221090"
"1029","221113"
"1030","221157"
"1031","221171"
"1032","221173"
"1033","221185"
"1034","221220"
"1035","221243"
"1036","221287"
"1037","221293"
"1038","221294"
"1039","221307"
"1040","221315"
"1041","221321"
"1042","221332"
"1043","221342"
"1044","221344"
"1045","221364"
"1046","221385"
"1047","221416"
"1048","221418"
"1049","221426"
"1050","221464"
"1051","221486"
"1052","221488"
"1053","221503"
"1054","221533"
"1055","221622"
"1056","221637"
"1057","221671"
"1058","221672"
"1059","221677"
"1060","221678"
"1061","221679"
"1062","221688"
"1063","221694"
"1064","221704"
"1065","221751"
"1066","221756"
"1067","221778"
"1068","221805"
"1069","221808"
"1070","221830"
"1071","221854"
"1072","221884"
"1073","221947"
"1074","221948"
"1075","221957"
"1076","221971"
"1077","221972"
"1078","221984"
"1079","221987"
"1080","221996"
"1081","222012"
"1082","222016"
"1083","222019"
"1084","222022"
"1085","222032"
"1086","222038"
"1087","222056"
"1088","222064"
"1089","222073"
"1090","222079"
"1091","222098"
"1092","222118"
"1093","222120"
"1094","222125"
"1095","222149"
"1096","222167"
"1097","222172"
"1098","222187"
"1099","222196"
"1100","222201"
"1101","222206"
"1102","222217"
"1103","222224"
"1104","222316"
"1105","222322"
"1106","222355"
"1107","222383"
"1108","222401"
"1109","222405"
"1110","222417"
"1111","222419"
"1112","222448"
"1113","222471"
"1114","222481"
"1115","222497"
"1116","222534"
"1117","222661"
"1118","222667"
"1119","222671"
"1120","222675"
"1121","222698"
"1122","222712"
"1123","222714"
"1124","222717"
"1125","222718"
"1126","222722"
"1127","222732"
"1128","222733"
"1129","222761"
"1130","222763"
"1131","222764"
"1132","222766"
"1133","222820"
"1134","222821"
"1135","222836"
"1136","222854"
"1137","222855"
"1138","222878"
"1139","222898"
"1140","222899"
"1141","223042"
"1142","223043"
"1143","223058"
"1144","223061"
"1145","223074"
"1146","223082"
"1147","223083"
"1148","223086"
"1149","223096"
"1150","223102"
"1151","223103"
"1152","223111"
"1153","223118"
"1154","223123"
"1155","223144"
"1156","223145"
"1157","223147"
"1158","223155"
"1159","223161"
"1160","223162"
"1161","223167"
"1162","223192"
"1163","223205"
"1164","223208"
"1165","223211"
"1166","223228"
"1167","223246"
"1168","223581"
"1169","223615"
"1170","223696"
"1171","223739"
"1172","224134"
"1173","224526"
"1174","224527"
"1175","224600"
"1176","224601"
"1177","224604"
"1178","224608"
"1179","225508"
"1180","225574"
"1181","225587"
"1182","226575"
"1183","226576"
"1184","226606"
"1185","226617"
"1186","226626"
"1187","226630"
"1188","226741"
"1189","227653"
"1190","227916"
"1191","228539"
"1192","228546"
"1193","228558"
"1194","228609"
"1195","228613"
"1196","228638"
"1197","229463"
"1198","229578"
"1199","229626"
"1200","229670"
"1201","230047"
"1202","230494"
"1203","230597"
"1204","230606"
"1205","230607"
"1206","230617"
"1207","230687"
"1208","230688"
"1209","230697"
"1210","230789"
"1211","231696"
"1212","231734"
"1213","231768"
"1214","231959"
"1215","231960"
"1216","232047"
"1217","232125"
"1218","232320"
"1219","232326"
"1220","232343"
"1221","232548"
"1222","232549"
"1223","232574"
"1224","232588"
"1225","232920"
"1226","233031"
"1227","233038"
"1228","233303"
"1229","233346"
"1230","233384"
"1231","233495"
"1232","233504"
"1233","233531"
"1234","233548"
"1235","233608"
"1236","233816"
"1237","233991"
"1238","234129"
"1239","234214"
"1240","234402"
"1241","234507"
"1242","234564"
"1243","234655"
"1244","234657"
"1245","234693"
"1246","234779"
"1247","235036"
"1248","235233"
"1249","235243"
"1250","235259"
"1251","235347"
"1252","235528"
"1253","235585"
"1254","235821"
"1255","235822"
"1256","235996"
"1257","236068"
"1258","236126"
"1259","236159"
"1260","236618"
"1261","236671"
"1262","236681"
"1263","236925"
"1264","236930"
"1265","237211"
"1266","237699"
"1267","237898"
"1268","238606"
"1269","238683"
"1270","238711"
"1271","238730"
"1272","238843"
"1273","238850"
"1274","239832"
"1275","239965"
"1276","240550"
"1277","240563"
"1278","240685"
"1279","240784"
"1280","241073"
"1281","241278"
"1282","241588"
"1283","241754"
"1284","241759"
"1285","241771"
"1286","241780"
"1287","241782"
"1288","242102"
"1289","242662"
"1290","242681"
"1291","242759"
"1292","242981"
"1293","243627"
"1294","243679"
"1295","243727"
"1296","243741"
"1297","245294"
"1298","246124"
"1299","246131"
"1300","246832"
"1301","247445"
"1302","247511"
"1303","247512"
"1304","248027"
"1305","248156"
"1306","248157"
"1307","248783"
"1308","249630"
"1309","249672"
"1310","249678"
"1311","249692"
"1312","250112"
"1313","250114"
"1314","250200"
"1315","250209"
"1316","250312"
"1317","250327"
"1318","250450"
"1319","250511"
"1320","250550"
"1321","250648"
"1322","250992"
"1323","251091"
"1324","251135"
"1325","251146"
"1326","251229"
"1327","251453"
"1328","251455"
"1329","251579"
"1330","251985"
"1331","251997"
"1332","252220"
"1333","252340"
"1334","252591"
"1335","252702"
"1336","252821"
"1337","252886"
"1338","253183"
"1339","254358"
"1340","254360"
"1341","256550"
"1342","115170"
"1343","573"
"1344","12391"
"1345","109010"
"1346","110003"
"1347","79097"
"1348","107942"
"1349","31211"
"1350","82177"
"1351","45880"
"1352","1866"
"1353","58317"
"1354","5137"
"1355","71676"
"1356","64673"
"1357","97853"
"1358","80224"
"1359","139058"
"1360","75982"
"1361","26128"
"1362","60460"
"1363","16540"
"1364","103958"
"1365","43949"
"1366","36568"
"1367","16549"
"1368","32369"
"1369","92711"
"1370","108050"
"1371","100846"
"1372","67754"
"1373","133971"
"1374","24045"
"1375","3966"
"1376","6357"
"1377","6358"
"1378","117360"
"1379","259618"
"1380","259655"
"1381","269113"
"1382","269663"
"1383","269664"
"1384","269666"
"1385","269854"
"1386","6455"
"1387","13824"
"1388","91958"
"1389","45189"
"1390","272733"
"1391","272791"
"1392","272950"
"1393","273707"
"1394","273708"
"1395","273868"
"1396","273903"
"1397","275147"
"1398","105224"
"1399","54648"
"1400","41084"
"1401","136692"
"1402","82529"
"1403","126091"
"1404","122905"
"1405","101181"
"1406","73069"
"1407","74140"
"1408","36800"
"1409","134695"
"1410","105230"
"1411","53588"
"1412","48376"
"1413","101117"
"1414","76194"
"1415","79427"
"1416","81499"
"1417","74155"
"1418","57653"
"1419","9923"
"1420","75211"
"1421","104184"
"1422","22154"
"1423","101120"
"1424","67986"
"1425","2101"
"1426","113471"
"1427","54604"
"1428","121907"
"1429","128440"
"1430","75213"
"1431","51467"
"1432","71060"
"1433","119719"
"1434","71055"
"1435","119766"
"1436","103170"
"1437","16825"
"1438","118733"
"1439","75194"
"1440","275889"
"1441","138780"
"1442","64907"
"1443","996"
"1444","46222"
"1445","32591"
"1446","275899"
"1447","118743"
"1448","77319"
"1449","113416"
"1450","85690"
"1451","61733"
"1452","99136"
"1453","45265"
"1454","20109"
"1455","27513"
"1456","140761"
"1457","36871"
"1458","110520"
"1459","14949"
"1460","112652"
"1461","14942"
"1462","45352"
"1463","2259"
"1464","14975"
"1465","126229"
"1466","36928"
"1467","46420"
"1468","113702"
"1469","55818"
"1470","7079"
"1471","279188"
"1472","280430"
"1473","284455"
"1474","284480"
"1475","284561"
"1476","284565"
"1477","284578"
"1478","284582"
"1479","284585"
"1480","284587"
"1481","284604"
"1482","284612"
"1483","284642"
"1484","285067"
"1485","285153"
"1486","285163"
"1487","285170"
"1488","285175"
"1489","285195"
"1490","285660"
"1491","285668"
"1492","285746"
"1493","285754"
"1494","285758"
"1495","285769"
"1496","285771"
"1497","285778"
"1498","285782"
"1499","285792"
"1500","286263"
"1501","286274"
"1502","286354"
"1503","286355"
"1504","286365"
"1505","286377"
"1506","286378"
"1507","286379"
"1508","286387"
"1509","286395"
"1510","286409"
"1511","286861"
"1512","286964"
"1513","286970"
"1514","286977"
"1515","286986"
"1516","287001"
"1517","287483"
"1518","287497"
"1519","287611"
"1520","287622"
"1521","288051"
"1522","288069"
"1523","288071"
"1524","288171"
"1525","288175"
"1526","288187"
"1527","288695"
"1528","288707"
"1529","288807"
"1530","289188"
"1531","289201"
"1532","289827"
"1533","290083"
"1534","290090"
"1535","290217"
"1536","290454"
"1537","290704"
"1538","290713"
"1539","290715"
"1540","291438"
"1541","291761"
"1542","292017"
"1543","292026"
"1544","292133"
"1545","292353"
"1546","293025"
"1547","293304"
"1548","297394"
"1549","298199"
"1550","298218"
"1551","299391"
"1552","301160"
"1553","301311"
"1554","301312"
"1555","301314"
"1556","301317"
"1557","301323"
"1558","301325"
"1559","301331"
"1560","301332"
"1561","301333"
"1562","301336"
"1563","301344"
"1564","301355"
"1565","301356"
"1566","301358"
"1567","301363"
"1568","301495"
"1569","301508"
"1570","302030"
"1571","302031"
"1572","302198"
"1573","302218"
"1574","302223"
"1575","302224"
"1576","302239"
"1577","302256"
"1578","302263"
"1579","302349"
"1580","302370"
"1581","302389"
"1582","302409"
"1583","303083"
"1584","303094"
"1585","303116"
"1586","303120"
"1587","303121"
"1588","303124"
"1589","303128"
"1590","303134"
"1591","303135"
"1592","303140"
"1593","303141"
"1594","303150"
"1595","303321"
"1596","303324"
"1597","303896"
"1598","303897"
"1599","304009"
"1600","304046"
"1601","304051"
"1602","304056"
"1603","304061"
"1604","304063"
"1605","304064"
"1606","304068"
"1607","304082"
"1608","304083"
"1609","304097"
"1610","304098"
"1611","304104"
"1612","304126"
"1613","304239"
"1614","304812"
"1615","304813"
"1616","304954"
"1617","304979"
"1618","304980"
"1619","304987"
"1620","304988"
"1621","305000"
"1622","305005"
"1623","305139"
"1624","305672"
"1625","305673"
"1626","305676"
"1627","305812"
"1628","305839"
"1629","305841"
"1630","305843"
"1631","305844"
"1632","305857"
"1633","305868"
"1634","305877"
"1635","305893"
"1636","305894"
"1637","305895"
"1638","305966"
"1639","306038"
"1640","306777"
"1641","306778"
"1642","306812"
"1643","306820"
"1644","306821"
"1645","306824"
"1646","306831"
"1647","306832"
"1648","306833"
"1649","306835"
"1650","306838"
"1651","306840"
"1652","307680"
"1653","307681"
"1654","307687"
"1655","307688"
"1656","307693"
"1657","307719"
"1658","307722"
"1659","307730"
"1660","307742"
"1661","307743"
"1662","307746"
"1663","307753"
"1664","307755"
"1665","307883"
"1666","307936"
"1667","308475"
"1668","308667"
"1669","308927"
"1670","308949"
"1671","308951"
"1672","309021"
"1673","309233"
"1674","309234"
"1675","309253"
"1676","309254"
"1677","309264"
"1678","309265"
"1679","309328"
"1680","309519"
"1681","309536"
"1682","309539"
"1683","309545"
"1684","309546"
"1685","309547"
"1686","309551"
"1687","309617"
"1688","309790"
"1689","309791"
"1690","309815"
"1691","310067"
"1692","310081"
"1693","310086"
"1694","310353"
"1695","310366"
"1696","310379"
"1697","310434"
"1698","310635"
"1699","310641"
"1700","310653"
"1701","310748"
"1702","310749"
"1703","310753"
"1704","310757"
"1705","310769"
"1706","311142"
"1707","311143"
"1708","311148"
"1709","311155"
"1710","311157"
"1711","311531"
"1712","311533"
"1713","311537"
"1714","311538"
"1715","311539"
"1716","311540"
"1717","311973"
"1718","312357"
"1719","312736"
"1720","312739"
"1721","312747"
"1722","313128"
"1723","313134"
"1724","313520"
"1725","313531"
"1726","313534"
"1727","313881"
"1728","314231"
"1729","44550"
"1730","12008"
"1731","135419"
"1732","87054"
"1733","113751"
"1734","84957"
"1735","314625"
"1736","25656"
"1737","314628"
"1738","88140"
"1739","68319"
"1740","39214"
"1741","128107"
"1742","69286"
"1743","112814"
"1744","50705"
"1745","97373"
"1746","32921"
"1747","21387"
"1748","40274"
"1749","99400"
"1750","315359"
"1751","53856"
"1752","315727"
"1753","56930"
"1754","31928"
"1755","86042"
"1756","57966"
"1757","316091"
"1758","44538"
"1759","117920"
"1760","79767"
"1761","87087"
"1762","131302"
"1763","316474"
"1764","316477"
"1765","79766"
"1766","47598"
"1767","75511"
"1768","51817"
"1769","20341"
"1770","80805"
"1771","62093"
"1772","90271"
"1773","69361"
"1774","51822"
"1775","45544"
"1776","96397"
"1777","82890"
"1778","27731"
"1779","2074"
"1780","1425"
"1781","133306"
"1782","104522"
"1783","42481"
"1784","1516"
"1785","80783"
"1786","725"
"1787","99439"
"1788","70363"
"1789","42512"
"1790","98517"
"1791","115914"
"1792","11053"
"1793","2955"
"1794","148"
"1795","70361"
"1796","90250"
"1797","67325"
"1798","108663"
"1799","123253"
"1800","104533"
"1801","40322"
"1802","87127"
"1803","34994"
"1804","318561"
"1805","319162"
"1806","319663"
"1807","323991"
"1808","324762"
"1809","324866"
"1810","324936"
"1811","325260"
"1812","325414"
"1813","326928"
"1814","327277"
"1815","330230"
"1816","330231"
"1817","330235"
"1818","330237"
"1819","330243"
"1820","330754"
"1821","330755"
"1822","330767"
"1823","330770"
"1824","331039"
"1825","331310"
"1826","331833"
"1827","331845"
"1828","332352"
"1829","332360"
"1830","332902"
"1831","332904"
"1832","332907"
"1833","332908"
"1834","332919"
"1835","332920"
"1836","333442"
"1837","333443"
"1838","333979"
"1839","333983"
"1840","334608"
"1841","336493"
"1842","336872"
"1843","336915"
"1844","344435"
"1845","344513"
"1846","345241"
"1847","345242"
"1848","345303"
"1849","345728"
"1850","345732"
"1851","346058"
"1852","346607"
"1853","346920"
"1854","347029"
"1855","347030"
"1856","347435"
"1857","347444"
"1858","347897"
"1859","347984"
"1860","348210"
"1861","349094"
"1862","349096"
"1863","349554"
"1864","357454"
"1865","358378"
"1866","358600"
"1867","365536"
"1868","51843"
"1869","369853"
"1870","370141"
"1871","370560"
"1872","370963"
"1873","370998"
"1874","371472"
"1875","371892"
"1876","371927"
"1877","371950"
"1878","372914"
"1879","372920"
"1880","372931"
"1881","373417"
"1882","373429"
"1883","373432"
"1884","373436"
"1885","373450"
"1886","373937"
"1887","373938"
"1888","374382"
"1889","374409"
"1890","374423"
"1891","30935"
"1892","374702"
"1893","130153"
"1894","374862"
"1895","374864"
"1896","374878"
"1897","374913"
"1898","374944"
"1899","375066"
"1900","375077"
"1901","375166"
"1902","113873"
"1903","375894"
"1904","376731"
"1905","376860"
"1906","376866"
"1907","376875"
"1908","376882"
"1909","376886"
"1910","376892"
"1911","376898"
"1912","376901"
"1913","376903"
"1914","376979"
"1915","377126"
"1916","377136"
"1917","377234"
"1918","377377"
"1919","377397"
"1920","377400"
"1921","377403"
"1922","377413"
"1923","377630"
"1924","377637"
"1925","377643"
"1926","377656"
"1927","377659"
"1928","377663"
"1929","377672"
"1930","377756"
"1931","377891"
"1932","377894"
"1933","377895"
"1934","377921"
"1935","377923"
"1936","378129"
"1937","378143"
"1938","378144"
"1939","378145"
"1940","378162"
"1941","378176"
"1942","378184"
"1943","378252"
"1944","378375"
"1945","378392"
"1946","378394"
"1947","378397"
"1948","378404"
"1949","378411"
"1950","378412"
"1951","378415"
"1952","378418"
"1953","378421"
"1954","378496"
"1955","378497"
"1956","378637"
"1957","378651"
"1958","378660"
"1959","378672"
"1960","378679"
"1961","378680"
"1962","378684"
"1963","378685"
"1964","378688"
"1965","378906"
"1966","380596"
"1967","380787"
"1968","381085"
"1969","381133"
"1970","381325"
"1971","381326"
"1972","381328"
"1973","381334"
"1974","381497"
"1975","381506"
"1976","381526"
"1977","381531"
"1978","381895"
"1979","381918"
"1980","382092"
"1981","382115"
"1982","382117"
"1983","382118"
"1984","382130"
"1985","382154"
"1986","382172"
"1987","382188"
"1988","382189"
"1989","382199"
"1990","382200"
"1991","382204"
"1992","382213"
"1993","382224"
"1994","382231"
"1995","382238"
"1996","382264"
"1997","382268"
"1998","382269"
"1999","382275"
"2000","382282"
"2001","382283"
"2002","382289"
"2003","382291"
"2004","382310"
"2005","382322"
"2006","382333"
"2007","382424"
"2008","382426"
"2009","382565"
"2010","382703"
"2011","382706"
"2012","382727"
"2013","382744"
"2014","382745"
"2015","382758"
"2016","382760"
"2017","382774"
"2018","382787"
"2019","382793"
"2020","382794"
"2021","382795"
"2022","382796"
"2023","382801"
"2024","382804"
"2025","382811"
"2026","382816"
"2027","382846"
"2028","382866"
"2029","382867"
"2030","382873"
"2031","382874"
"2032","382880"
"2033","382897"
"2034","382898"
"2035","382909"
"2036","382926"
"2037","382932"
"2038","382938"
"2039","383011"
"2040","383271"
"2041","383272"
"2042","383311"
"2043","383315"
"2044","383316"
"2045","383319"
"2046","383333"
"2047","383339"
"2048","383341"
"2049","383351"
"2050","383361"
"2051","383388"
"2052","383392"
"2053","383433"
"2054","383435"
"2055","383437"
"2056","383471"
"2057","383474"
"2058","383478"
"2059","383480"
"2060","383496"
"2061","383523"
"2062","383537"
"2063","383557"
"2064","383568"
"2065","383871"
"2066","383873"
"2067","383874"
"2068","383902"
"2069","383910"
"2070","383911"
"2071","383916"
"2072","383923"
"2073","383925"
"2074","383927"
"2075","383928"
"2076","383934"
"2077","383939"
"2078","383941"
"2079","383954"
"2080","383967"
"2081","383974"
"2082","383979"
"2083","383982"
"2084","383996"
"2085","383998"
"2086","383999"
"2087","384001"
"2088","384004"
"2089","384023"
"2090","384028"
"2091","384046"
"2092","384054"
"2093","384060"
"2094","384076"
"2095","384077"
"2096","384102"
"2097","384123"
"2098","384135"
"2099","384154"
"2100","384336"
"2101","384449"
"2102","384484"
"2103","384487"
"2104","384490"
"2105","384502"
"2106","384503"
"2107","384505"
"2108","384520"
"2109","384532"
"2110","384541"
"2111","384546"
"2112","384568"
"2113","384575"
"2114","384598"
"2115","384609"
"2116","384613"
"2117","384638"
"2118","384646"
"2119","384703"
"2120","384707"
"2121","384715"
"2122","385057"
"2123","385058"
"2124","385059"
"2125","385060"
"2126","385077"
"2127","385081"
"2128","385090"
"2129","385092"
"2130","385093"
"2131","385098"
"2132","385109"
"2133","385111"
"2134","385120"
"2135","385140"
"2136","385171"
"2137","385172"
"2138","385184"
"2139","385196"
"2140","385232"
"2141","385247"
"2142","385251"
"2143","385289"
"2144","385296"
"2145","385307"
"2146","385332"
"2147","385349"
"2148","385467"
"2149","385671"
"2150","385673"
"2151","385674"
"2152","385691"
"2153","385692"
"2154","385706"
"2155","385708"
"2156","385709"
"2157","385710"
"2158","385713"
"2159","385719"
"2160","385724"
"2161","385732"
"2162","385746"
"2163","385747"
"2164","385748"
"2165","385751"
"2166","385752"
"2167","385754"
"2168","385764"
"2169","385766"
"2170","385771"
"2171","385810"
"2172","385825"
"2173","385833"
"2174","385874"
"2175","385902"
"2176","385906"
"2177","385908"
"2178","385934"
"2179","385961"
"2180","386042"
"2181","386238"
"2182","386250"
"2183","386272"
"2184","386275"
"2185","386294"
"2186","386297"
"2187","386299"
"2188","386302"
"2189","386303"
"2190","386317"
"2191","386329"
"2192","386336"
"2193","386337"
"2194","386344"
"2195","386357"
"2196","386372"
"2197","386382"
"2198","386386"
"2199","386387"
"2200","386397"
"2201","386403"
"2202","386418"
"2203","386434"
"2204","386466"
"2205","386501"
"2206","386504"
"2207","386512"
"2208","387080"
"2209","387457"
"2210","387482"
"2211","388307"
"2212","390152"
"2213","390636"
"2214","390647"
"2215","390905"
"2216","391053"
"2217","391297"
"2218","391374"
"2219","391656"
"2220","391691"
"2221","391770"
"2222","391825"
"2223","392193"
"2224","392525"
"2225","392550"
"2226","392604"
"2227","392708"
"2228","392938"
"2229","392992"
"2230","393008"
"2231","393302"
"2232","393323"
"2233","393682"
"2234","393710"
"2235","393715"
"2236","393776"
"2237","395760"
"2238","395764"
"2239","396559"
"2240","396568"
"2241","397212"
"2242","397464"
"2243","398118"
"2244","398130"
"2245","398783"
"2246","398916"
"2247","399461"
"2248","401712"
"2249","403397"
"2250","404072"
"2251","404079"
"2252","405262"
"2253","407613"
"2254","407646"
"2255","408102"
"2256","408132"
"2257","408135"
"2258","409015"
"2259","409022"
"2260","410418"
"2261","411705"
"2262","411706"
"2263","413957"
"2264","414324"
"2265","414478"
"2266","415174"
"2267","415239"
"2268","416337"
"2269","418126"
"2270","420837"
"2271","421798"
"2272","423541"
"2273","423545"
"2274","423666"
"2275","423763"
"2276","423764"
"2277","423895"
"2278","423903"
"2279","423912"
"2280","423913"
"2281","423916"
"2282","423924"
"2283","423928"
"2284","423932"
"2285","423938"
"2286","423945"
"2287","423947"
"2288","423955"
"2289","423958"
"2290","423964"
"2291","424012"
"2292","424013"
"2293","424020"
"2294","424021"
"2295","424273"
"2296","424299"
"2297","424419"
"2298","424429"
"2299","424430"
"2300","424432"
"2301","424437"
"2302","424444"
"2303","424453"
"2304","424475"
"2305","424476"
"2306","424483"
"2307","424484"
"2308","424496"
"2309","424507"
"2310","424524"
"2311","424551"
"2312","424554"
"2313","424556"
"2314","424749"
"2315","424812"
"2316","424951"
"2317","424961"
"2318","424967"
"2319","424976"
"2320","425013"
"2321","425014"
"2322","425015"
"2323","425016"
"2324","425025"
"2325","425028"
"2326","425032"
"2327","425034"
"2328","425073"
"2329","425075"
"2330","425090"
"2331","425340"
"2332","425357"
"2333","425500"
"2334","425501"
"2335","425505"
"2336","425519"
"2337","425545"
"2338","425552"
"2339","425555"
"2340","425557"
"2341","425558"
"2342","425563"
"2343","425580"
"2344","425586"
"2345","425591"
"2346","425597"
"2347","425623"
"2348","425624"
"2349","425626"
"2350","425629"
"2351","425687"
"2352","425798"
"2353","425799"
"2354","425868"
"2355","425903"
"2356","425907"
"2357","426025"
"2358","426033"
"2359","426034"
"2360","426038"
"2361","426050"
"2362","426053"
"2363","426056"
"2364","426061"
"2365","426073"
"2366","426075"
"2367","426077"
"2368","426080"
"2369","426081"
"2370","426082"
"2371","426085"
"2372","426094"
"2373","426096"
"2374","426097"
"2375","426098"
"2376","426100"
"2377","426101"
"2378","426106"
"2379","426110"
"2380","426112"
"2381","426115"
"2382","426121"
"2383","426148"
"2384","426163"
"2385","426175"
"2386","426178"
"2387","426388"
"2388","426431"
"2389","426457"
"2390","426594"
"2391","426598"
"2392","426600"
"2393","426602"
"2394","426604"
"2395","426611"
"2396","426612"
"2397","426613"
"2398","426624"
"2399","426628"
"2400","426645"
"2401","426649"
"2402","426652"
"2403","426661"
"2404","426664"
"2405","426670"
"2406","426671"
"2407","426685"
"2408","426694"
"2409","426695"
"2410","426724"
"2411","426728"
"2412","426732"
"2413","426741"
"2414","426743"
"2415","426744"
"2416","427128"
"2417","427129"
"2418","427150"
"2419","427152"
"2420","427154"
"2421","427156"
"2422","427169"
"2423","427174"
"2424","427175"
"2425","427178"
"2426","427183"
"2427","427185"
"2428","427189"
"2429","427194"
"2430","427195"
"2431","427204"
"2432","427231"
"2433","427460"
"2434","427500"
"2435","427514"
"2436","427519"
"2437","427668"
"2438","427669"
"2439","427679"
"2440","427682"
"2441","427685"
"2442","427689"
"2443","427706"
"2444","427708"
"2445","427717"
"2446","427718"
"2447","427724"
"2448","427737"
"2449","427738"
"2450","427748"
"2451","427749"
"2452","427782"
"2453","430252"
"2454","430623"
"2455","436871"
"2456","437792"
"2457","438236"
"2458","440067"
"2459","440123"
"2460","440130"
"2461","440132"
"2462","440152"
"2463","440539"
"2464","440568"
"2465","440570"
"2466","441040"
"2467","441051"
"2468","441059"
"2469","441068"
"2470","441103"
"2471","441152"
"2472","441468"
"2473","441479"
"2474","441484"
"2475","441485"
"2476","441498"
"2477","441502"
"2478","441515"
"2479","441522"
"2480","441622"
"2481","442012"
"2482","442066"
"2483","442384"
"2484","442405"
"2485","442417"
"2486","442429"
"2487","442439"
"2488","442800"
"2489","442813"
"2490","442815"
"2491","442816"
"2492","442825"
"2493","442828"
"2494","443251"
"2495","443253"
"2496","443270"
"2497","443321"
"2498","444233"
"2499","445188"
"2500","445629"
"2501","446525"
"2502","447620"
"2503","448104"
"2504","451461"
"2505","452689"
"2506","453144"
"2507","453151"
"2508","453264"
"2509","453526"
"2510","453528"
"2511","453592"
"2512","453594"
"2513","453855"
"2514","453881"
"2515","453979"
"2516","454212"
"2517","454300"
"2518","454356"
"2519","454370"
"2520","454390"
"2521","454511"
"2522","454554"
"2523","454696"
"2524","454725"
"2525","454752"
"2526","454768"
"2527","454807"
"2528","454856"
"2529","454886"
"2530","455678"
"2531","455685"
"2532","455686"
"2533","455687"
"2534","455886"
"2535","455887"
"2536","456274"
"2537","456367"
"2538","456369"
"2539","456957"
"2540","457030"
"2541","457032"
"2542","457039"
"2543","457040"
"2544","457041"
"2545","457042"
"2546","457121"
"2547","457122"
"2548","457187"
"2549","457194"
"2550","457195"
"2551","457265"
"2552","457330"
"2553","457333"
"2554","457334"
"2555","457396"
"2556","459440"
"2557","459827"
"2558","460765"
"2559","460941"
"2560","462862"
"2561","462994"
"2562","463120"
"2563","463123"
"2564","463419"
"2565","463587"
"2566","463792"
"2567","463794"
"2568","463941"
"2569","464030"
"2570","472511"
"2571","472739"
"2572","472744"
"2573","472846"
"2574","472848"
"2575","472959"
"2576","473037"
"2577","473039"
"2578","473161"
"2579","473184"
"2580","473186"
"2581","473195"
"2582","473278"
"2583","473279"
"2584","473280"
"2585","473304"
"2586","473305"
"2587","473307"
"2588","473420"
"2589","473586"
"2590","473721"
"2591","473833"
"2592","473870"
"2593","474089"
"2594","474106"
"2595","474129"
"2596","474255"
"2597","474492"
"2598","474683"
"2599","475075"
"2600","475301"
"2601","475865"
"2602","475958"
"2603","476041"
"2604","476046"
"2605","476148"
"2606","476245"
"2607","476303"
"2608","476324"
"2609","476573"
"2610","476677"
"2611","477386"
"2612","477717"
"2613","478109"
"2614","478298"
"2615","478421"
"2616","478613"
"2617","478723"
"2618","478902"
"2619","479856"
"2620","480131"
"2621","480262"
"2622","481544"
"2623","481825"
